File Name,Line Count
IOLSAN594A_L 3 [BLL81].jpg,3
IOLSAN594B_L 3 [BLL81].jpg,3
IOLSAN660A_L [BLL90].jpg,1
IOLSAN656B_L [BLL90].jpg,3
IOLSAN660B_L [BLL90].jpg,2
IOLSAN656A_L [BLL90].jpg,3
IOLSAN43R1_L [BLL51].jpg,6
IOLSAN43V1_L [BLL51].jpg,6
IOLSAN659B_L [BLL90].jpg,3
IOLSAN649A_L [BLL90].jpg,2
IOLSAN658A_L [BLL90].jpg,4
IOLSAN658B_L [BLL90].jpg,4
IOLSAN661B_L [BLL90].jpg,2
IOLSAN661A_L [BLL90].jpg,2
OR15010_160B_L [BLL97].jpg,7
OR15010_74A_L [BLL90].jpg,9
IOLSAN126V_L [BLL54].jpg,2
IOLSAN126R_L [BLL54].jpg,2
OR15010_74B_L [BLL90].jpg,9
IOLSAN142R_L [BLL55].jpg,5
OR15010_99A_L [BLL92].jpg,4
IOLSAN159V_L [BLL55].jpg,3
OR15007_594R_L [BLL68].jpg,1
IOLSAN213V_L [BLL64].jpg,5
OR15007_689V_L [BLL73].jpg,6
OR15010_99B_L [BLL92].jpg,5
IOLSAN213R_L [BLL64].jpg,5
OR15010_50R_L [BLL87].jpg,13
OR15007_595R_L [BLL68].jpg,1
OR15007_594V_L [BLL68].jpg,1
IOLSAN40R1_L [BLL51].jpg,9
IOLSAN612B_L [BLL82].jpg,3
IOLSAN40V1_L [BLL51].jpg,9
IOLSAN156R_L [BLL55].jpg,3
OR15010_50V_L [BLL87].jpg,13
IOLSAN195V_L [BLL56].jpg,7
OR15007_595V_L [BLL68].jpg,1
IOLSAN197V_L [BLL56].jpg,6
OR15010_96B_L [BLL92].jpg,5
IOLSAN195R_L [BLL56].jpg,7
IOLSAN156V_L [BLL55].jpg,3
IOLSAN1132V_L [BLL85].jpg,3
IOLSAN197R_L [BLL56].jpg,6
IOLSAN132R_L [BLL54].jpg,4
IOLSAN132V_L [BLL54].jpg,4
IOLSAN319V_L [BLL77].jpg,2
IOLSAN214V_L [BLL64].jpg,5
IOLSAN214R_L [BLL64].jpg,5
IOLSAN605B_L [BLL81].jpg,3
IOLSAN300V_L [BLL76].jpg,2
IOLSAN605A_L [BLL81].jpg,3
IOLSAN603B_L [BLL81].jpg,1
OR15007_666V_L [BLL73].jpg,4
IOLSAN606B_L [BLL82].jpg,5
IOLSAN603A_L [BLL81].jpg,1
IOLSAN3181_V_L [BLL746].jpg,1
IOLSAN148V_L [BLL55].jpg,3
IOLSAN143R_L [BLL55].jpg,3
IOLSAN125R_L [BLL54].jpg,2
IOLSAN143V_L [BLL55].jpg,3
OR15010_49V_L [BLL87].jpg,14
IOLSAN3181_R_L [BLL746].jpg,1
OR15010_49R_L [BLL87].jpg,14
IOLSAN200V_L [BLL56].jpg,2
OR15010_111B_L [BLL94].jpg,7
IOLSAN322R_L [BLL77].jpg,2
IOLSAN637B_L [BLL88].jpg,4
IOLSAN322V_L [BLL77].jpg,2
IOLSAN225R_L [BLL65].jpg,3
OR15007_593R_L [BLL68].jpg,1
OR15010_111A_L [BLL94].jpg,7
IOLSAN173R_L [BLL63].jpg,1
IOLSAN173V_L [BLL63].jpg,1
IOLSAN261R_L [BLL58].jpg,4
OR15010_73B_L [BLL90].jpg,8
OR15007_593V_L [BLL68].jpg,1
OR15007_628V_L [BLL68].jpg,1
IOLSAN325V_L [BLL77].jpg,2
IOLSAN637A_L [BLL88].jpg,5
OR15007_690V_L [BLL73].jpg,6
IOLSAN222V_L [BLL65].jpg,2
IOLSAN261V_L [BLL58].jpg,4
IOLSAN253V_L [BLL66].jpg,3
IOLSAN161V_L [BLL55].jpg,2
IOLSAN161R_L [BLL55].jpg,2
OR15007_628R_L [BLL68].jpg,1
IOLSAN325R_L [BLL77].jpg,2
IOLSAN253R_L [BLL66].jpg,3
IOLSAN324R_L [BLL77].jpg,4
IOLSAN605A_L [BLL82].jpg,3
IOLSAN324V_L [BLL77].jpg,4
OR15010_73A_L [BLL90].jpg,8
OR15007_690R_L [BLL73].jpg,6
IOLSAN351V_L [BLL77].jpg,2
IOLSAN198R_L [BLL56].jpg,4
IOLSAN46R1_L [BLL63].jpg,3
IOLSAN3183_V_L [BLL746].jpg,2
OR15007_717R_L [BLL73].jpg,1
OR15007_688V_L [BLL73].jpg,3
OR15007_688R_L [BLL73].jpg,3
OR15007_670R_L [BLL73].jpg,2
OR15010_37R_L [BLL86].jpg,8
IOLSAN256R_L [BLL66].jpg,4
OR15003_253R1_L [BLL8].jpg,2
IOLSAN219R_L [BLL64].jpg,2
IOLSAN589B_L [BLL80].jpg,3
IOLSAN589A_L [BLL80].jpg,3
OR15003_253V1_L [BLL8].jpg,2
IOLSAN3183_R_L [BLL746].jpg,2
IOLSAN212V_L [BLL64].jpg,4
IOLSAN3175_R_L [BLL746].jpg,1
OR15003_204V1_L [BLL6].jpg,2
IOLSAN3174_R_L [BLL745].jpg,2
OR15003_274R1_L [BLL9].jpg,4
IOLSAN1137V_L [BLL85].jpg,2
OR15010_67B_L [BLL90].jpg,9
IOLSAN3174_V_L [BLL745].jpg,2
OR15010_159B_L [BLL97].jpg,6
IOLSAN326R_L [BLL77].jpg,2
IOLSAN306R_L [BLL76].jpg,2
IOLSAN326V_L [BLL77].jpg,1
IOLSAN163R_L [BLL55].jpg,4
IOLSAN3175_V_L [BLL746].jpg,1
OR15003_210R1_L [BLL6].jpg,4
OR15003_210V1_L [BLL6].jpg,4
OR8212_16_2B_L [BLL84].jpg,2
IOLSAN226V_L [BLL65].jpg,2
OR15010_104B_L [BLL92].jpg,7
OR15010_104A_L [BLL92].jpg,7
IOLSAN191V_L [BLL63].jpg,3
IOLSAN163V_L [BLL55].jpg,5
IOLSAN186R_L [BLL63].jpg,4
IOLSAN301R_L [BLL76].jpg,2
OR8212_15_5B_L [BLL84].jpg,7
IOLSAN3166_R_L [BLL745].jpg,2
IOLSAN301V_L [BLL76].jpg,2
IOLSAN218R_L [BLL64].jpg,2
OR15010_21R_L [BLL71].jpg,10
IOLSAN191R_L [BLL63].jpg,3
OR8212_15_5A_L [BLL84].jpg,6
OR15010_21V_L [BLL71].jpg,10
IOLSAN233R_L [BLL65].jpg,1
OR15007_570R_L [BLL68].jpg,2
OR15003_223R1_L [BLL7].jpg,4
OR15003_236V1_L [BLL7].jpg,3
OR15003_236R1_L [BLL7].jpg,3
IOLSAN216R_L [BLL64].jpg,2
OR15010_68A_L [BLL90].jpg,6
IOLSAN218V_L [BLL64].jpg,2
OR15003_221V1_L [BLL6].jpg,4
IOLSAN216V_L [BLL64].jpg,2
IOLSAN233V_L [BLL65].jpg,1
OR15003_221R1_L [BLL6].jpg,5
IOLSAN1134R_L [BLL85].jpg,3
OR15010_33V_L [BLL86].jpg,9
OR15007_691R_L [BLL73].jpg,5
OR15010_68B_L [BLL90].jpg,6
OR15007_691V_L [BLL73].jpg,5
OR15003_218R1_L [BLL6].jpg,2
OR15010_33R_L [BLL86].jpg,9
OR15003_258V1_L [BLL8].jpg,3
OR15010_72A_L [BLL90].jpg,7
OR15003_251R1_L [BLL8].jpg,2
OR15010_15R_L [BLL71].jpg,10
OR15003_258R1_L [BLL8].jpg,3
OR15010_72B_L [BLL90].jpg,7
OR15010_20R_L [BLL71].jpg,9
OR15003_218V1_L [BLL6].jpg,2
IOLSAN185V_L [BLL63].jpg,2
OR15010_18R_L [BLL71].jpg,8
OR15007_719V_L [BLL73].jpg,4
OR15010_42R_L [BLL86].jpg,10
OR15010_18V_L [BLL71].jpg,8
OR15003_284R1_L [BLL9].jpg,3
OR15010_48R_L [BLL87].jpg,10
OR15010_19R_L [BLL71].jpg,11
OR15010_19V_L [BLL71].jpg,11
OR15010_15V_L [BLL71].jpg,10
OR15010_48V_L [BLL87].jpg,10
OR15010_20V_L [BLL71].jpg,9
OR15010_71A_L [BLL90].jpg,6
IOLSAN604B_L [BLL82].jpg,6
OR15003_250V1_L [BLL8].jpg,3
OR15003_213R1_L [BLL6].jpg,3
OR15003_232V1_L [BLL7].jpg,2
OR15010_71B_L [BLL90].jpg,6
OR15003_213V1_L [BLL6].jpg,3
IOLSAN185R_L [BLL63].jpg,2
OR15010_42V_L [BLL86].jpg,10
OR15010_38V_L [BLL86].jpg,8
IOLSAN604A_L [BLL82].jpg,6
OR15003_284V1_L [BLL9].jpg,3
OR15003_282V1_L [BLL9].jpg,5
OR15003_282R1_L [BLL9].jpg,5
OR15003_215V1_L [BLL6].jpg,3
OR15003_215R1_L [BLL6].jpg,3
IOLSAN184R_L [BLL63].jpg,3
IOLSAN184V_L [BLL63].jpg,3
OR15010_38R_L [BLL86].jpg,8
OR15010_157A_L [BLL97].jpg,2
OR15010_157B_L [BLL97].jpg,3
OR15010_69B_L [BLL90].jpg,6
OR15003_217V1_L [BLL6].jpg,3
OR15010_69A_L [BLL90].jpg,6
OR15010_63A_L [BLL82].jpg,7
OR15003_217R1_L [BLL6].jpg,3
OR15010_51R_L [BLL87].jpg,8
OR15010_62B_L [BLL82].jpg,14
OR15010_62A_L [BLL82].jpg,14
OR15010_63B_L [BLL82].jpg,7
OR15010_58B_L [BLL82].jpg,11
OR15010_58A_L [BLL82].jpg,11
OR15010_36V_L [BLL86].jpg,11
OR15010_46V_L [BLL87].jpg,7
OR15010_36R_L [BLL86].jpg,11
OR15010_43V_L [BLL86].jpg,7
OR15010_46R_L [BLL87].jpg,7
OR15010_22R_L [BLL76].jpg,10
OR15010_43R_L [BLL86].jpg,7
OR15010_52V_L [BLL87].jpg,6
IOLSAN516A_L [BLL79].jpg,10
OR15010_22V_L [BLL76].jpg,10
IOLSAN516B_L [BLL79].jpg,10
OR15010_34R_L [BLL86].jpg,4
IOLSAN399B_L [BLL79].jpg,4
IOLSAN400B_L [BLL79].jpg,3
IOLSAN406A_L [BLL79].jpg,4
IOLSAN402A_L [BLL79].jpg,4
IOLSAN402B_L [BLL79].jpg,4
IOLSAN400A_L [BLL79].jpg,3
IOLSAN404B_L [BLL79].jpg,3
IOLSAN405B_L [BLL79].jpg,4
IOLSAN405A_L [BLL79].jpg,4
IOLSAN594B_L 2 [BLL81].jpg,3
IOLSAN594A_L 2 [BLL81].jpg,3
IOLSAN594B_L [BLL81].jpg,3
IOLSAN594A_L [BLL81].jpg,3
OR15017_4_R_L [BLL849].jpg,6
OR15017_4_V_L [BLL849].jpg,6
OR15017_1_R_L [BLL849].jpg,4
OR15017_1_V_L [BLL849].jpg,4
OR15017_2_R_L [BLL849].jpg,4
OR15017_14_V_L [BLL849].jpg,12
OR15017_8_R_L [BLL849].jpg,5
OR15017_9_R_L [BLL849].jpg,5
OR15017_7_R_L [BLL849].jpg,5
IOLSAN_3929_V_L [BLL848].jpg,11
IOLSAN_3929_R_L [BLL848].jpg,11
IOLSAN_3928_R_L [BLL848].jpg,11
IOLSAN_3928_V_L [BLL848].jpg,11
OR15009_48B_L [BLL104].jpg,8
OR15009_45A_L [BLL104].jpg,5
OR15009_45B_L [BLL104].jpg,5
OR15009_71A_L [BLL106].jpg,5
IOLSAN827B_L [BLL117].jpg,4
OR15009_109A_L [BLL119].jpg,7
OR15009_101A_L [BLL119].jpg,5
OR15009_109B_L [BLL119].jpg,7
OR15009_101B_L [BLL119].jpg,5
OR15009_112A_L [BLL120].jpg,5
OR15009_112B_L [BLL120].jpg,5
OR15009_120B_L [BLL120].jpg,4
OR15009_124A_L [BLL121].jpg,4
OR15009_124B_L [BLL121].jpg,4
OR15009_143B_L [BLL122].jpg,5
OR15009_140A_A_L [BLL122].jpg,7
OR15009_136A_L [BLL122].jpg,4
IOLSAN976A_L [BLL130].jpg,3
IOLSAN978B_L [BLL130].jpg,2
IOLSAN973B_L [BLL130].jpg,5
IOLSAN1182B_L [BLL134].jpg,4
IOLSAN1173B_L [BLL134].jpg,3
IOLSAN1184A_L [BLL135].jpg,4
IOLSAN930B_L [BLL137].jpg,6
IOLSAN948B_L [BLL137].jpg,4
IOLSAN1203V_L [BLL139].jpg,4
IOLSAN1203R_L [BLL139].jpg,4
IOLSAN1201R_L [BLL139].jpg,6
IOLSAN855A_L [BLL141].jpg,2
OR15006_35B_L [BLL330].jpg,5
OR15006_35A_L [BLL330].jpg,5
OR15006_38A_L [BLL330].jpg,2
OR15006_38B_L [BLL330].jpg,2
OR15011_18A_L [BLL339].jpg,7
OR15011_18B_L [BLL339].jpg,7
OR15003_149R1_L [BLL2].jpg,2
OR15003_146R1_L [BLL2].jpg,2
OR15003_146V1_L [BLL2].jpg,2
OR15009_286A_L [BLL158].jpg,3
OR15009_286B_L [BLL158].jpg,3
OR15009_233A_L [BLL160].jpg,3
IOLSAN1451B_L [BLL194].jpg,7
OR15009_268B_L [BLL156].jpg,5
OR15009_271B_L [BLL156].jpg,8
OR15009_271A_L [BLL156].jpg,8
OR15009_268A_L [BLL156].jpg,5
OR15009_267A_L [BLL156].jpg,5
OR15009_165A_L [BLL151].jpg,5
OR8212_20_2A_L [BLL300].jpg,6
OR8212_20_2B_L [BLL300].jpg,6
OR15003_172V1_L [BLL3].jpg,3
OR15003_183R1_L [BLL3].jpg,3
OR15011_11B_L [BLL338].jpg,5
OR15011_10A_L [BLL338].jpg,5
OR15011_10B_L [BLL338].jpg,5
OR15011_11A_L [BLL338].jpg,5
OR15011_13A_L [BLL338].jpg,6
OR15011_12B_L [BLL338].jpg,4
OR15011_8A_L [BLL338].jpg,6
OR15011_9B_L [BLL338].jpg,5
OR15011_13B_L [BLL338].jpg,6
OR15011_8B_L [BLL338].jpg,6
OR15011_9A_L [BLL338].jpg,5
OR15011_12A_L [BLL338].jpg,4
OR15009_160B_L [BLL150].jpg,6
OR15009_157A_L [BLL150].jpg,7
OR15009_159B_L [BLL150].jpg,8
OR15009_156A_L [BLL150].jpg,7
OR15009_162B_L [BLL150].jpg,6
OR15009_274A_L [BLL157].jpg,6
OR15009_283A_L [BLL157].jpg,5
OR15009_275A_L [BLL157].jpg,4
OR15009_274B_L [BLL157].jpg,6
OR15009_644B_L [BLL226].jpg,2
OR15009_513B_L [BLL221].jpg,5
OR15009_513A_L [BLL221].jpg,4
OR15009_515B_L [BLL221].jpg,5
OR15009_509A_L [BLL221].jpg,3
OR15009_667B_L [BLL228].jpg,5
OR15009_661A_L [BLL228].jpg,5
OR15009_666A_L [BLL228].jpg,6
OR15009_660B_L [BLL228].jpg,6
OR15009_669A_L [BLL228].jpg,6
OR15009_667A_L [BLL228].jpg,5
OR15009_661B_L [BLL228].jpg,5
OR15009_666B_L [BLL228].jpg,6
OR15009_669B_L [BLL228].jpg,6
OR15009_660A_L [BLL228].jpg,6
OR15009_665A_L [BLL228].jpg,4
OR15009_663B_L [BLL228].jpg,5
OR15009_665B_L [BLL228].jpg,4
OR15009_663A_L [BLL228].jpg,5
OR8212_33_4A_L [BLL446].jpg,8
IOLKHOTS46R1_15_L [BLL415].jpg,15
IOLKHOTS46R1_12_L [BLL415].jpg,14
IOLKHOTS46R1_13_L [BLL415].jpg,15
IOLKHOTS46R1_14_L [BLL415].jpg,14
IOLKHOTS46R1_16_L [BLL415].jpg,15
IOLKHOTS46R1_19_L [BLL415].jpg,14
IOLKHOTS46R1_11_L [BLL415].jpg,15
IOLKHOTS46R1_18_L [BLL415].jpg,14
IOLKHOTS46R1_10_L [BLL415].jpg,14
IOLKHOTS46R1_17_L [BLL415].jpg,15
IOLKHOTS46R1_2_L [BLL415].jpg,8
IOLKHOTS46R1_5_L [BLL415].jpg,15
IOLKHOTS46R1_4_L [BLL415].jpg,14
IOLKHOTS46R1_22_L [BLL415].jpg,14
IOLKHOTS46R1_3_L [BLL415].jpg,15
IOLKHOTS46R1_20_L [BLL415].jpg,14
IOLKHOTS46R1_9_L [BLL415].jpg,15
IOLKHOTS46R1_6_L [BLL415].jpg,15
IOLKHOTS46R1_7_L [BLL415].jpg,15
IOLKHOTS46R1_21_L [BLL415].jpg,14
IOLKHOTS46R1_8_L [BLL415].jpg,15
OR15009_594B_L [BLL211].jpg,4
OR15009_590B_L [BLL211].jpg,5
OR15009_590A_L [BLL211].jpg,5
OR15009_651A_L [BLL227].jpg,5
OR15009_651B_L [BLL227].jpg,5
OR15008_13_A_L [BLL273].jpg,3
OR15000_555_1_B1_L [BLL387].jpg,7
OR15000_555_1_A2_L [BLL387].jpg,7
OR15000_555_1_B_ST_L [BLL387].jpg,7
OR15000_555_1_A_ST_L [BLL387].jpg,7
OR15000_555_1_A1_L [BLL387].jpg,7
OR15007_267V1_L [BLL42].jpg,6
OR15007_235V1_L [BLL42].jpg,4
OR15007_235R1_L [BLL42].jpg,4
OR9613_2_A1_L [BLL373].jpg,7
OR9613_1_A2_L [BLL373].jpg,7
OR9613_2_A2_L [BLL373].jpg,7
OR9613_3_A1_L [BLL373].jpg,7
OR9613_3_A2_L [BLL373].jpg,7
OR9613_1_A1_L [BLL373].jpg,7
OR9613_1_B_ST_L [BLL373].jpg,7
OR9613_3_B1_L [BLL373].jpg,7
OR9613_1_B2_L [BLL373].jpg,7
OR9613_3_B_ST_L [BLL373].jpg,7
OR9613_2_B_ST_L [BLL373].jpg,7
OR8212_1422_3A_L [BLL373].jpg,2
OR9613_1_B1_L [BLL373].jpg,7
OR9613_2_B1_L [BLL373].jpg,7
OR9613_3_B2_L [BLL373].jpg,7
OR8212_1422_3B_L [BLL373].jpg,3
OR9613_1_A_ST_L [BLL373].jpg,7
OR9613_3_A_ST_L [BLL373].jpg,7
OR9613_2_A_ST_L [BLL373].jpg,7
OR9613_2_B2_L [BLL373].jpg,7
OR15009_424B_L [BLL179].jpg,4
OR15009_416B_L [BLL179].jpg,6
OR15009_416A_L [BLL179].jpg,6
OR15009_421A_L [BLL179].jpg,6
OR15009_421B_L [BLL179].jpg,6
OR15009_315A_L [BLL170].jpg,3
OR15009_314A_L [BLL170].jpg,3
OR9613_8_B2_L [BLL374].jpg,7
OR9613_4_A1_L [BLL374].jpg,7
OR9613_7_A2_L [BLL374].jpg,7
OR9613_4_A2_L [BLL374].jpg,7
OR9613_8_B1_L [BLL374].jpg,7
OR9613_7_A1_L [BLL374].jpg,7
OR9613_9_A2_L [BLL374].jpg,7
OR9613_7_B2_L [BLL374].jpg,7
OR9613_4_A_ST_L [BLL374].jpg,7
OR9613_7_A_ST_L [BLL374].jpg,7
OR9613_4_B1_L [BLL374].jpg,7
OR9613_8_A2_L [BLL374].jpg,7
OR9613_8_B_ST_L [BLL374].jpg,7
OR9613_9_A1_L [BLL374].jpg,7
OR9613_4_B_ST_L [BLL374].jpg,7
OR9613_7_B1_L [BLL374].jpg,7
OR9613_7_B_ST_L [BLL374].jpg,7
OR9613_9_A_ST_L [BLL374].jpg,7
OR9613_8_A_ST_L [BLL374].jpg,7
OR9613_8_A1_L [BLL374].jpg,7
OR9613_4_B2_L [BLL374].jpg,7
OR9613_28_A1_L [BLL380].jpg,3
OR9613_29_A1_L [BLL380].jpg,6
OR9613_29_A_ST_L [BLL380].jpg,6
OR9613_28_A_ST_L [BLL380].jpg,5
OR9613_28_A2_L [BLL380].jpg,5
OR9613_29_B_ST_L [BLL380].jpg,6
OR9613_28_B_ST_L [BLL380].jpg,5
OR9613_29_A2_L [BLL380].jpg,4
OR9613_29_B1_L [BLL380].jpg,6
OR9613_28_B1_L [BLL380].jpg,4
OR9613_29_B2_L [BLL380].jpg,4
OR9613_28_B2_L [BLL380].jpg,5
OR15012_3B_L [BLL342].jpg,4
OR15011_31B_1_L [BLL342].jpg,7
OR15012_4B_L [BLL342].jpg,6
OR15011_31B_2_L [BLL342].jpg,7
OR15012_3A_L [BLL342].jpg,4
OR15012_4A_L [BLL342].jpg,6
OR15011_31B_ST_L [BLL342].jpg,7
IOLSAN1020B_L [BLL183].jpg,3
OR15009_398B_L [BLL177].jpg,6
OR15009_398A_L [BLL177].jpg,6
OR15009_397A_L [BLL177].jpg,6
OR15009_395A_L [BLL177].jpg,5
OR15009_400B_L [BLL177].jpg,4
OR15012_26A_L [BLL345].jpg,5
OR15012_26B_L [BLL345].jpg,5
IOLSAN915V_L [BLL27].jpg,7
IOLSAN915R_L [BLL27].jpg,7
OR15006_12A_L [BLL327].jpg,4
OR15006_12B_L [BLL327].jpg,4
OR15002_20V1_L [BLL16].jpg,4
OR15002_20R1_L [BLL16].jpg,4
OR15009_460A_L [BLL182].jpg,6
OR15009_454B_L [BLL182].jpg,5
OR15009_455A_L [BLL182].jpg,4
OR15009_454A_L [BLL182].jpg,5
OR15009_459A_L [BLL182].jpg,4
OR15009_459B_L [BLL182].jpg,4
OR15009_392A_L [BLL176].jpg,5
OR15009_392B_L [BLL176].jpg,5
OR15012_23A_L [BLL344].jpg,12
OR15012_23B_L [BLL344].jpg,12
OR15009_328A_L [BLL171].jpg,6
OR15009_330B_L [BLL171].jpg,6
OR15009_331A_L [BLL171].jpg,4
OR15009_328B_L [BLL171].jpg,6
OR15009_334B_L [BLL171].jpg,5
OR15009_334A_L [BLL171].jpg,5
OR15012_14B_L [BLL343].jpg,7
OR15012_14A_L [BLL343].jpg,7
OR15009_411B_L [BLL178].jpg,5
OR15009_411A_L [BLL178].jpg,5
OR15009_413A_L [BLL178].jpg,4
OR15009_413B_L [BLL178].jpg,4
OR15009_414B_L [BLL178].jpg,3
OR15009_414A_L [BLL178].jpg,3
OR9613_10_B2_L [BLL375].jpg,7
OR9613_12_B1_L [BLL375].jpg,7
OR9613_9_B2_L [BLL375].jpg,7
OR9613_11_B2_L [BLL375].jpg,7
OR9613_9_B1_L [BLL375].jpg,7
OR9613_12_B2_L [BLL375].jpg,7
OR9613_10_B1_L [BLL375].jpg,7
OR9613_9_B_ST_L [BLL375].jpg,7
OR9613_11_B1_L [BLL375].jpg,7
OR9613_12_A_ST_L [BLL375].jpg,7
OR9613_11_A2_L [BLL375].jpg,7
OR9613_10_A_ST_L [BLL375].jpg,7
OR9613_11_A_ST_L [BLL375].jpg,7
OR9613_12_A1_L [BLL375].jpg,7
OR9613_11_A1_L [BLL375].jpg,7
OR9613_11_A1_L [BLL375].jpg,7
OR9613_10_A1_L [BLL375].jpg,7
OR9613_12_B_ST_L [BLL375].jpg,7
OR9613_11_B_ST_L [BLL375].jpg,7
OR9613_12_A2_L [BLL375].jpg,7
OR9613_10_B_ST_L [BLL375].jpg,7
